{
  "coord": { "lon": 23.3242, "lat": 42.6975 },
  "weather": [
    {
      "id": 803,
      "main": "Clouds",
      "description": "broken clouds",
      "icon": "04d"
    }
  ],
  "base": "stations",
  "main": {
    "temp": 302.98,
    "feels_like": 302.14,
    "temp_min": 299.84,
    "temp_max": 302.98,
    "pressure": 1015,
    "humidity": 35
  },
  "visibility": 10000,
  "wind": { "speed": 3.09, "deg": 190 },
  "clouds": { "all": 75 },
  "dt": 1695396913,
  "sys": {
    "type": 1,
    "id": 6366,
    "country": "BG",
    "sunrise": 1695356005,
    "sunset": 1695399952
  },
  "timezone": 10800,
  "id": 727011,
  "name": "Sofia",
  "cod": 200
}
